{
  "A fresh verification link has been sent to your email address.": "Na vaši e-mailovou adresu byl odeslán nový ověřovací odkaz.",
  "All rights reserved.": "Všechna práva vyhrazena.",
  "Before proceeding, please check your email for a verification link.": "Než budete pokračovat, zkontrolujte prosím svůj e-mail pro ověřovací odkaz.",
  "click here to request another": "klikněte zde a vyžádejte si další",
  "Confirm Password": "Kontrola hesla",
  "E-Mail Address": "E-mailová adresa",
  "Error": "Chyba",
  "Forbidden": "Zakázáno",
  "Forgot Your Password?": "Zapomněli jste heslo?",
  "Go Home": "Domů",
  "Hello!": "Zdravíme!",
  "hi": "zdravíme",
  "If you did not create an account, no further action is required.": "Pokud jste nevytvořili účet, není třeba provádět žádné další akce.",
  "If you did not receive the email": "Pokud jste zprávu neobdrželi",
  "If you did not request a password reset, no further action is required.": "Pokud jste nežádali o obnovení hesla, zprávu smažte. Původní heslo zůstalo beze změny.",
  "If you’re having trouble clicking the \":actionText\" button, copy and paste the URL below\ninto your web browser: [:actionURL](:actionURL)": "Pokud máte potíže s klepnutím na tlačítko \":actionText\", zkopírujte a vložte\nníže uvedenou adresu URL do vašeho webového prohlížeče: [:actionURL](:actionURL)",
  "Login": "Přihlášení",
  "Logout": "Odlášení",
  "Name": "Jméno",
  "Oh no": "Ach to ne",
  "Page Expired": "Seite abgelaufen",
  "Page Not Found": "Strana nebyla nalezena",
  "Password": "Heslo",
  "Please click the button below to verify your email address.": "Klepnutím na tlačítko níže ověřte svou e-mailovou adresu.",
  "Regards": "S pozdravem",
  "Register": "Registrace",
  "Remember Me": "Zapamatovat",
  "Reset Password": "Obnovit heslo",
  "Reset Password Notification": "Požadavek na obnovení hesla",
  "Send Password Reset Link": "Poslat odkaz pro obnovení hesla",
  "Service Unavailable": "Služba je nedostupná",
  "Sorry, the page you are looking for could not be found.": "Je nám líto, ale stranu na kterou odkazujete nelze najít.",
  "Sorry, you are forbidden from accessing this page.": "Je nám líto, ale na tuto stranu máte zakázán přístup.",
  "Sorry, you are making too many requests to our servers.": "Je nám líto, ale na server odesíláte příliš mnoho požadavků.",
  "Sorry, you are not authorized to access this page.": "Je nám líto, ale na tuto stranu nemáte oprávnění.",
  "Sorry, your session has expired. Please refresh and try again.": "Je nám líto, vaše relace vypršela. Aktualizujte prosím a zkuste to znovu.",
  "Sorry, we are doing some maintenance. Please check back soon.": "Je nám líto, ale provádí se údržba. Zkuste to prosím později.",
  "Toggle navigation": "Přepnout navigaci",
  "Too Many Requests": "Příliš mnoho požadavků",
  "Unauthorized": "Neautorizováno",
  "Verify Email Address": "Ověřte e-mailovou adresu",
  "Verify Your Email Address": "Ověřte svou e-mailovou adresu",
  "You are receiving this email because we received a password reset request for your account.": "Tato zpráva vám byla doručena na základě žádosti pro obnovení hesla.",
  "Whoops!": "Jejda!",
  "Whoops, something went wrong on our servers.": "Jejda, na našich serverech je problém."
}
