{
  "A fresh verification link has been sent to your email address.": "Ein neuer Verifikationslink wurde verschickt.",
  "All rights reserved.": "Alle Rechte vorbehalten.",
  "Before proceeding, please check your email for a verification link.": "Bestätigen Sie bitte zuerst Ihre E-Mail.",
  "click here to request another": "klicken Sie hier, um eine neue anzufordern.",
  "Confirm Password": "Passwort bestätigen",
  "E-Mail Address": "E-Mail Adresse",
  "Error": "Fehler",
  "Forbidden": "Unzulässig",
  "Forgot Your Password?": "Passwort vergessen?",
  "Go Home": "Nach Hause",
  "Hello!": "Hallo!",
  "hi": "hallo",
  "If you did not create an account, no further action is required.": "Wenn Sie keinen Account beantragt haben ist keine weitere Handlung nötig.",
  "If you did not receive the email": "Wenn Sie keine E-Mail erhalten haben",
  "If you did not request a password reset, no further action is required.": "Wenn Sie keine Zurücksetzung des Passworts beantragt haben ist keine weitere Handlung nötig.",
  "If you’re having trouble clicking the \":actionText\" button, copy and paste the URL below\ninto your web browser: [:actionURL](:actionURL)": "Wenn Sie Schwierigkeiten haben, den \":actionText\" Button zu drücken, fügen sie bitte folgende Adresse in Ihren Browser ein: [:actionURL](:actionURL)",
  "Login": "Anmelden",
  "Logout": "Abmelden",
  "Name": "Name",
  "Oh no": "Oh nein",
  "Page Expired": "Seite abgelaufen",
  "Page Not Found": "Seite konnte nicht gefunden werden",
  "Password": "Passwort",
  "Please click the button below to verify your email address.": "Bitte klicken Sie den Button, um Ihre E-Mail Adresse zu bestätigen.",
  "Regards": "Mit freundlichen Grüßen",
  "Register": "Registrieren",
  "Remember Me": "Angemeldet bleiben",
  "Reset Password": "Passwort zurücksetzen",
  "Reset Password Notification": "Passwort zurücksetzen Notifikation",
  "Send Password Reset Link": "Link zum Zurücksetzen des Passworts senden",
  "Service Unavailable": "Service nicht verfügbar",
  "Sorry, the page you are looking for could not be found.": "Tut uns Leid, die Seite konnte nicht gefunden werden.",
  "Sorry, you are forbidden from accessing this page.": "Tut uns Leid, Sie haben keine Rechte, diese Seite zu besuchen.",
  "Sorry, you are making too many requests to our servers.": "Tut uns Leid, Sie machen derzeit zu viele Anfragen an unseren Server.",
  "Sorry, you are not authorized to access this page.": "Tut uns Leid, Sie haben keine Rechte, diese Seite zu besuchen.",
  "Sorry, your session has expired. Please refresh and try again.": "Tut uns Leid, Ihre Sitzung ist abgelaufen. Bitte laden Sie die Seite neu und probieren Sie es erneut.",
  "Sorry, we are doing some maintenance. Please check back soon.": "Tut uns Leid, wir arbeiten gerade an unserer Webseite. Bitte versuchen Sie es später erneut.",
  "Toggle navigation": "Navigation umschalten",
  "Too Many Requests": "Zu viele Anfragen",
  "Unauthorized": "Nicht autorisiert",
  "Verify Email Address": "E-Mail Adresse bestätigen",
  "Verify Your Email Address": "Bestätigen Sie Ihre E-Mail Adresse",
  "You are receiving this email because we received a password reset request for your account.": "Sie erhalten diese E-Mail, weil wir einen Antrag auf eine Zurücksetzung Ihres Passworts bekommen haben.",
  "Whoops!": "Ups!",
  "Whoops, something went wrong on our servers.": "Ups, etwas ist schief gelaufen."
}
