{
  "A fresh verification link has been sent to your email address.": "Baieztapen esteka berri bat bidali da zure helbide elektronikora.",
  "All rights reserved.": "Eskubide guztiak erreserbatuta.",
  "Before proceeding, please check your email for a verification link.": "Jarraitu aurretik, begiratu zure posta elektronikoan baieztapen estekarik baden.",
  "click here to request another": "egin klik hemen beste bat eskatzeko",
  "Confirm Password": "Berretsi pasahitza",
  "E-Mail Address": "Helbide elektronikoa",
  "Error": "Errorea",
  "Forbidden": "Debekatua",
  "Forgot Your Password?": "Pasahitza ahaztu duzu?",
  "Go Home": "Joan etxera",
  "Hello!": "Kaixo!",
  "hi": "iepa",
  "If you did not create an account, no further action is required.": "Ez baduzu konturik sortu, ez duzu ezer egin behar.",
  "If you did not receive the email": "Ez baduzu posta elektronikorik jaso",
  "If you did not request a password reset, no further action is required.": "Ez baduzu pasahitza berrezartzea eskatu, ez duzu ezer egin behar.",
  "If you’re having trouble clicking the \":actionText\" button, copy and paste the URL below\ninto your web browser: [:actionURL](:actionURL)": "\":actionText\" botoian klik egitean arazoak badituzu, kopiatu eta itsatsi beheko URLa\nnabigatzailean: [:actionURL](:actionURL)",
  "Login": "Hasi saioa",
  "Logout": "Amaitu saioa",
  "Name": "Izena",
  "Oh no": "Oh, ez",
  "Page Expired": "Orria iraungi da",
  "Page Not Found": "Orria ez da aurkitu",
  "Password": "Pasahitza",
  "Please click the button below to verify your email address.": "Egin klik beheko botoian helbide elektronikoa baieztatzeko.",
  "Regards": "Eskuminak",
  "Register": "Erregistratu",
  "Remember Me": "Gogora nazazu",
  "Reset Password": "Berrezarri pasahitza",
  "Reset Password Notification": "Pasahitza berrezartzeko jakinarazpena",
  "Send Password Reset Link": "Bidali pasahitza berrezartzeko esteka",
  "Service Unavailable": "Zerbitzua ez dago erabilgarri",
  "Sorry, the page you are looking for could not be found.": "Barkatu, bila ari zaren orria ezin izan dugu aurkitu.",
  "Sorry, you are forbidden from accessing this page.": "Barkatu, orri hau atzitzea debekatuta daukazu.",
  "Sorry, you are making too many requests to our servers.": "Barkatu, gure zerbitzariei eskaera gehiegi egiten ari zara.",
  "Sorry, you are not authorized to access this page.": "Barkatu, ez daukazu orri hau atzitzeko baimenik.",
  "Sorry, your session has expired. Please refresh and try again.": "Barkatu, zure saioa iraungi da. Freskatu eta saiatu berriro.",
  "Sorry, we are doing some maintenance. Please check back soon.": "Barkatu, mantenu lanetan ari gara. Mesedez saiatu beranduago.",
  "Toggle navigation": "Txandakatu nabigazioa",
  "Too Many Requests": "Eskaera gehiegi",
  "Unauthorized": "Baimendu gabea",
  "Verify Email Address": "Baieztatu helbide elektronikoa",  
  "Verify Your Email Address": "Baieztatu zure helbide elektronikoa",
  "You are receiving this email because we received a password reset request for your account.": "Zure kontutik pasahitza berrezartzeko eskaera bat jaso genuelako jaso duzu posta elektroniko hau.",
  "Whoops!": "Ene bada!",
  "Whoops, something went wrong on our servers.": "Ene bada, arazo bat dago gure zerbitzarietan."
}
