{
  "Confirm Password": "Konfirmasi Kata Sandi",
  "E-Mail Address": "Alamat Surel",
  "Forgot Your Password?": "Lupa Kata Sandi Anda?",
  "If you did not request a password reset, no further action is required.": "Jika anda tidak meminta pengaturan ulang kata sandi, anda tidak perlu melakukan apapun.",
  "Login": "Masuk",
  "Logout": "Keluar",
  "Name": "Nama",
  "Password": "Kata Sandi",
  "Register": "Daftar",
  "Remember Me": "Ingatkan Saya",
  "Reset Password": "Atur Ulang Kata Sandi",
  "Reset Password Notification": "Pemberitahuan Pengaturan Ulang Kata Sandi",
  "Send Password Reset Link": "Kirim Tautan Pengaturan Ulang Kata Sandi",
  "You are receiving this email because we received a password reset request for your account.": "Anda menerima surel ini karena kami menerima permintan pengaturan ulang kata sandi untuk akun anda."
}
