{
  "Confirm Password": "Potwierdź hasło",
  "E-Mail Address": "Adres e-mail",
  "Forgot Your Password?": "Nie pamiętasz hasła?",
  "If you did not request a password reset, no further action is required.": "Jeśli nie chcesz resetować hasła, zignoruj tę wiadomość.",
  "Login": "Zaloguj się",
  "Logout": "Wyloguj się",
  "Name": "Imię i nazwisko",
  "Password": "Hasło",
  "Register": "Zarejestruj się",
  "Remember Me": "Zapamiętaj mnie",
  "Reset Password": "Zresetuj hasło",
  "Reset Password Notification": "Zresetuj hasło",
  "Send Password Reset Link": "Wyślij link resetujący hasło",
  "You are receiving this email because we received a password reset request for your account.": "Otrzymujesz ten e-mail, ponieważ otrzymaliśmy prośbę o zresetowanie hasła dla Twojego konta.",
  "A fresh verification link has been sent to your email address.": "Link weryfikacyjny został wysłany na twój adres email.",
  "All rights reserved.": "Wszelkie prawa zastrzeżone",
  "Before proceeding, please check your email for a verification link.": "Zanim przejdziesz dalej, sprawdź swój adres email po link weryfikacyjny.",
  "Error": "Błąd",
  "Forbidden": "Zabronione",
  "Go Home": "Przejdź do strony głównej",
  "Hello!": "Cześć!",
  "hi": "hej",
  "If you did not receive the email": "Jeśli nie otrzymałeś(aś) emaila",
  "Oh no": "O nie",
  "Page Expired": "Strona wygasła",
  "Page Not Found": "Nie znaleziono takiej strony",
  "Please click the button below to verify your email address.": "Kliknij poniższy przycisk aby zweryfikować swój adres email.",
  "Service Unavailable": "Serwis niedostępny",
  "Sorry, the page you are looking for could not be found.": "Przepraszamy, strona której szukasz nie została znaleziona.",
  "Sorry, you are forbidden from accessing this page.": "Przepraszamy, nie masz dostępu do tej strony.",
  "Sorry, you are making too many requests to our servers.": "Przepraszamy, wykonujesz za dużo zapytań do naszych serwerów.",
  "Sorry, you are not authorized to access this page.": "Przepraszamy, nie jesteś uprawniony do dostępu do tej strony.",
  "Sorry, your session has expired. Please refresh and try again.": "Przepraszamy, sesja wygasła. Odśwież i spróbuj ponownie.",
  "Sorry, we are doing some maintenance. Please check back soon.": "Przepraszamy, trwają pracę nad stroną. Sprawdź ponownie później.",
  "Too Many Requests": "Za dużo zapytań",
  "Verify Email Address": "Zweryfikuj adres email",
  "Verify Your Email Address": "Zweryfikuj swój adres email",
  "Whoops!": "Ups!",
  "Whoops, something went wrong on our servers.": "Ups! Coś poszło nie tak na naszych serwerach."
}
