{
  "A fresh verification link has been sent to your email address.": "ลิงค์สำหรับยืนยันได้ถูกส่งไปยังอีเมลของคุณแล้ว.",
  "Before proceeding, please check your email for a verification link.": "ก่อนดำเนินการใดๆ, กรุณาตรวจสอบลิงค์ยืนยันที่ถูกส่งไปยังอีเมลของคุณ",
  "click here to request another": "คลิ๊กที่นี่ เพื่อขออีเมลใหม่",
  "Confirm Password": "ยืนยันรหัสผ่าน",
  "E-Mail Address": "อีเมล",
  "Error": "ข้อผิดพลาด",
  "Forgot Your Password?": "ลืมรหัสผ่าน?",
  "Go Home": "ไปหน้าหลัก",
  "Hello!": "สวัสดี! ",
  "hi": "สวัสดี",
  "If you did not create an account, no further action is required.": "หากคุณไม่ได้ดำเนินการสร้างบัญชี, คุณไม่จำเป็นต้องดำเนินการใดๆ.",
  "If you did not receive the email": "หากคุณไม่ได้รับอีเมล",
  "If you did not request a password reset, no further action is required.": "หากคุณไม่ได้ดำเนินการรีเซตรหัสผ่าน, คุณไม่จำเป็นต้องดำเนินการใดๆ.",
  "If you’re having trouble clicking the \":actionText\" button, copy and paste the URL below\ninto your web browser: ": "หากคลิ๊กลิงค์ :actionText ไม่ได้, กรุณาคัดลอก URL ดังต่อไปนี้：",
  "Login": "เข้าสู่ระบบ",
  "Logout": "ออกจากระบบ",
  "Name": "ชื่อ",
  "Oh no": "ไม่นะ",
  "Page Expired": "หน้าที่ร้องขอหมดอายุแล้ว",
  "Page Not Found": "ไม่พบหน้าที่ร้องขอ",
  "Password": "รหัสผ่าน",
  "Please click the button below to verify your email address.": "กรุณาคลิ๊กปุ่มด้านล่างเพื่อยืนยันอีเมลของคุณ.",
  "Register": "สมัครสมาชิก",
  "Remember Me": "จดจำรหัสผ่าน",
  "Reset Password": "รีเซตรหัสผ่าน",
  "Reset Password Notification": "รีเซตการแจ้งเตือนรหัสผ่าน",
  "Send Password Reset Link": "ส่งลิงค์สำหรับรีเซตรหัสผ่าน",
  "Service Unavailable": "ระบบไม่พร้อมให้บริการ",
  "Sorry, the page you are looking for could not be found.": "ขออภัย, ไม่พบหน้าที่ร้องขอ.",
  "Sorry, you are making too many requests to our servers.": "ขออภัย, คุณได้ส่งคำขอมายังเซิฟเวอร์มากเกินไป.",
  "Sorry, you are not authorized to access this page.": "ขออภัย, คุณไม่ได้รับอนุญาตให้เข้าถึงหน้านี้.",
  "Sorry, your session has expired. Please refresh and try again.": "ขออภัย, เซสชั่นของคุณหมดอายุ. กรุณารีเฟรชและลองใหม่.",
  "Sorry, we are doing some maintenance. Please check back soon.": "ขออภัย, เรากำลังปิดปรับปรุงระบบ กรุณากลับมาใหม่.",
  "Too Many Requests": "มีการส่งคำร้องมากเกินไป",
  "Unauthorized": "ไม่มีสิทธิ",
  "Verify Email Address": "ยืนยันอีเมล",
  "Verify Your Email Address": "ยืนยันอีเมลของคุณ",
  "You are receiving this email because we received a password reset request for your account.": "คุณได้รับอีเมลสำหรับรีเซตรหัสผ่าน เนื่องจากเราได้รับคำร้องขอรีเซตรหัสผ่านสำหรับบัญชีของคุณ.",
  "Whoops!": "อุปส์!"
}
